"I already have an account","I already have an account"
"Email Address","Email Address"
Password,Password
"Sign In","Sign In"
"Forgot Your Password?","Forgot Your Password?"
"I am a new customer","I am a new customer"
"I want to checkout as a guest","I want to checkout as a guest"
"Your order information will not be saved and your account will not be created. You can create an account after checkout.","Your order information will not be saved and your account will not be created. You can create an account after checkout."
"Buy as a guest","Buy as a guest"
Login,Login
